ATWDGLRWEYYKKL,4930
ATWDEGYKKL,3733
ATWDRRYYKKL,1946
ATWDSYKKL,1811
ALWEVQIGGYKKL,1798
ATWPLGKKL,1299
ALWEVRYKKL,1201
ALWEVLPTKYGKL,1173
ATWDGSDWIKT,1091
ALWEVPIKL,788
ATWIKKL,773
ALWEVSYYKKL,771
ATWDTRSSDWIKT,764
ALWEDKKL,737
ALKKL,693
ATWCSDWIKT,678
ALWEVRGYKKL,635
ATWDVKKL,631
ATWDLSRL,607
ATWDGNKKL,500
ATSGYKKL,487
ATWDDTGWFKI,449
ATWDTDFYYKKL,377
ALWEANYYKKL,370
ALWEVLKL,368
ATWDTTGWFKI,331
ALWEVQELGKKIKV,330
ATWDFGKL,306
ATWDSCKKL,302
ATWDGYYKKL,298
ALWESMKKL,285
ATYYYKKL,266
ATWDRRNYYKKL,246
ATWDGLRWEDYKKL,244
ATWGEQKKL,230
ATWDGHPIGRPRYKKL,221
ATWDRGGRYYKKL,216
ALWEVMELGKKIKV,213
ALWELQELGKKIKV,213
ATLWFKI,206
ALWELNYYKKL,206
ALWEVRVSYKKL,175
ATWDRPTGWFKI,174
ATWDQSDYKKL,162
ATSRGYKKL,155
ALWEVKGTTGWFKI,151
ATWDFTTGWFKI,148
ALWEVKNKKL,135
ALWEVI,135
ATWDDQDWIKT,134
ATWDRPHYKKL,132
ATWDSKKL,131
ATWDGLDQNYYKKL,131
ATWDGQRGKL,126
ATWDRNYKKL,124
ATWDGWFKI,123
ALWEQELGKKIKV,122
ALWESFNYYKKL,121
ALWEVREKKL,120
ALWEVNYYKKL,120
ATWDGPYYKKL,119
ATWDRPGRI,116
ATWPSGPNYYKKL,115
ATWDRPGSYKKL,115
ATWANYKKL,112
ATWDGHRSDWIKT,111
ATWDRVLYYKKL,110
ALWEPQELGKKIKV,107
ALWTKKL,106
ATWDIDYYKKL,103
ATWGENYYKKL,102
ALWEPAPGYKKL,100
ATWEKL,98
ATWDRRDYKKL,96
ATWDDSTGWFKI,88
AFPWGKL,88
ATWDRPRYKL,87
ATWDGNYYKKL,85
ATWDLFTGWFKI,83
ATGYYKKL,83
ALWEVLQVGELGKKIKV,82
ATWDRRNYKKL,80
ATWDGPFYYKKL,79
ALWEVTTGWFKI,79
ATWDGVNYYKKL,78
ATWTNYYKKL,76
ALWEVTNYKKL,76
ATWDRQELGKKIKV,75
ATWESYYKKL,73
ATWETPGWFKI,72
ATWDSWFKI,72
ATWDNSSNYYKKL,72
ALWEGHKKL,72
ALWEAQELGKKIKV,71
ATWDGSGKKL,70
ATWDGLYYKKL,70
ALWEVYRKL,69
ATWDGPQLDYKKL,67
ATWDRPPAIRHYYKKL,66
ATSDWIKT,64
ALWEVEELGKKIKV,64
ALWERRGTGWFKI,63
ALWEVTELGKKIKV,62
ATWDGPYKKL,60
ALWEPRDYYKKL,60
ATWAYYKKL,59
ALWEVEDYYKKL,59
ATWDSKPSNGSDWIKT,57
ATWDGRDYYKKL,55
ALWEVLDYKKL,55
PLVTYYKKL,54
ATWDRSDYYKKL,54
ALWEVPNKKL,54
ALWEGDSKKL,54
ALWDDQELGKKIKV,54
VEL,53
ALWEVGDWIKT,53
ATWDGPSDWIKT,52
ALWEHQELGKKIKV,52
ATWVSSDWIKT,51
ATWDSPGKL,51
ATWDGVYYKKL,51
ATWERKKL,50
ATWDRNRKL,50
ATWDGLSDWIKT,50
ALWEVRDYYKKL,50
ATWGYYKKL,49
ATWDGLGYKKL,48
ATWTDYYKKL,47
ATWPRNYYKKL,47
ATWDMTTQL,47
ATWDGFYYYKKL,47
ALWEVESENYYKKL,47
ATWDGPFKKL,46
ATWDGLETDQKKL,46
ATWSKKL,45
ATWDNYYKKL,45
ATWDCYKKL,45
ALWGQELGKKIKV,44
ALWEVPYKKL,44
ATWDGPTGWFKI,43
ALWESDKL,43
ATWDRPFGYKKL,42
ALWSWLELGKKIKV,42
ATWPWSYYKKL,41
ATWEDYYKKL,41
ATWDGRYKKL,41
ATWDGPCYKKL,40
ATWDGGKL,40
ATWDRPYYKKL,39
ATWDGPAYKKL,39
ATWDGHYRDSDWIKT,39
ATWDGDYKKL,39
ALWGPPQL,39
ALWESVANYYKKL,39
ATWDGFYYKKL,38
ALWDHYKKL,38
ATWDLKKL,37
ATWDHYKKL,37
ATWDGPGYKKL,37
ATWDGPEDCRPYYKKL,37
ATWDGHYKKL,37
ALWDHYQGNYKKL,37
GEKL,36
ATWDGPDYKKL,36
ARNDWIKT,36
ALWEVSDYKKL,36
ALWEVQYKKL,36
ATCWFKI,35
ALFLGLKKL,35
ATWDRPGYKKL,34
ATWDRLSSDWIKT,34
ATWDPNYYKKL,34
ATWEGWKL,33
ALWEGEEKL,33
ALWEDPYYKKL,33
ATWDRRYKKL,32
ATWDRPNYYKKL,32
ATWDRLGYKKL,32
ATWDGSSDWIKT,32
ATGELEVKI,32
ALWEVELGKKIKV,32
ATWDTRKL,31
ATWDRELWIKT,31
ALWEVVKL,31
ALWEASHYKKL,31
ATWDSKKKL,30
ATWDRPYYYKKL,30
ATWDRPDYKKL,30
ATWDGRPEKL,30
ATWDGQTDYKKL,30
ATWDGNSSDWIKT,30
ATWDGGYKKL,30
ATWAQRGKL,30
ALWQELGKKIKV,30
AYPQYKKL,29
ATWDKSSRRGWFKI,29
ATWDGPGYYKKL,29
ATWDGLVLMI,29
ATWDGHYYKKL,29
ATWDGCGYKKL,29
ATQEDFYKKL,29
ATWNKKL,28
ATWDVGNYYKKL,28
ATWDTGWFKI,28
ATWDKGTTGWFKI,28
ATWDGPWPQQYSSDWIKT,28
ATWDGPVEKL,28
ATWDGLNYYKKL,28
ATPPIIRRKL,28
ATWVPKKL,27
ATWERGGYKKL,27
ATWDLDYKKL,27
ALWEPDMP,27
ALWDTPAKKL,27
ATWGSGGWFKI,26
ATWGNYYKKL,26
ATWDRHYYKKL,26
ATWDRHPQYTTGWFKI,26
ATWDPRDYKKL,26
ATWDIGWFKI,26
ATWDANYYKKL,26
ATLVGYKKL,26
ALWEVQEELGKKIKV,26
ALWEDPVKIR,26
ATWSYYKKL,25
ATWSSGKL,25
ATWDRKAYKKL,25
ATWDLARL,25
ATWDIEKL,25
ATWDGPPEGEL,25
ALWEVRKL,25
ALWEVHGYYKKL,25
ALWEGDKKL,25
ATWTGSWFKI,24
ATWEIRYYKKL,24
ATWDRQEKL,24
ATWDGRGYKKL,24
ATWDGPDYYKKL,24
ATWDGNTTGWFKI,24
ATWARGL,24
ATHYYKKL,24
ALWEVHKLELGKKIKV,24
ATWDRPGNYKKL,23
ATWDNYKKL,23
ATWDIFGKL,23
ATWDGPTYYKKL,23
ATWDGPKYKKL,23
ATWDGHTGWFKI,23
ATWDGGGKKL,23
ATWDGCYCVDYKKL,23
ATWDCR,23
ATLGPPLTGWFKI,23
ALWEGDYKKL,23
ALWEERGELGKKIKV,23
ALWEALYYKKL,23
ATWIWL,22
ATWGPGDWIKT,22
ATWEPYKKL,22
ATWDRRTTGWFKI,22
ATWDRNYYKKL,22
ATWDRANYYKKL,22
ATWDGRPTGWFKI,22
ATWDGQNYKKL,22
ATWANKKL,22
ATWAAKKL,22
ATHTNRAEKL,22
ATGRIKT,22
ALWEVDYYKKL,22
ALWEEIELGKKIKV,22
ALWDDSYYKKL,22
ALWALKKL,22
AFRNYYKKL,22
ATWDTGGKKL,21
ATWDRPELGKKIKV,21
ATWDKV,21
ATWDGQSEKL,21
ATWDGQELGKKIKV,21
ATWDGPVKL,21
ATWDGPRYKKL,21
ATWDGPEDWIKT,21
ATWDDQELGKKIKV,21
ATWDATLGWIKT,21
ATWDALGDYYKKL,21
ATCYTTGWFKI,21
ALWEVTEKL,21
ALWEVLGL,21
ALWEERRRELGKKIKV,21
ATWKNYYKKL,20
ATWETYEKL,20
ATWERNYKKL,20
ATWDTLRYKKL,20
ATWDRRWKL,20
ATWDRLGYYKKL,20
ATWDGPNYYKKL,20
ATWDGPGWFKI,20
ATWDGPEYKKL,20
ATWDDYKKL,20
ASLCDWIKT,20
ALWEVQEEYKKL,20
ALWEVLYKKL,20
ALWEVHRFRYKKL,20
ALWESAARKL,20
ALWDSLELGKKIKV,20
ATWGRTGWFKI,19
ATWDVDKKL,19
ATWDSEKL,19
ATWDRRGKKL,19
ATWDGPRKL,19
ATWDASKKL,19
ASKKL,19
ALWEVWKL,19
ALWEVGL,19
ALWEGELKKL,19
ALWEDGKKL,19
ATWTSWEL,18
ATWRSVYYKKL,18
ATWDSGSDWIKT,18
ATWDRRKL,18
ATWDRQGALSNYYKKL,18
ATWDRPHYYKKL,18
ATWDRLLWFKI,18
ATWDLDHYKKL,18
ATWDGYKKL,18
ATWDGRTYYKKL,18
ATWDGGYYKKL,18
ATWDGEKKL,18
ATSKKL,18
ATRWNYKKL,18
ALWRGYKKL,18
ALWEVEKL,18
ATYGEKL,17
ATWSLHKKL,17
ATWRKKL,17
ATWDTLYYKKL,17
ATWDRMRQKL,17
ATWDRLGKL,17
ATWDRKEKL,17
ATWDLGL,17
ATWDKNYYKKL,17
ATWDHSWFKI,17
ATWDGPKKL,17
ATWDGKSEDWIKT,17
ATWDEVCDWIKT,17
ATSIKT,17
ATLHWGYKKL,17
ALWEVPPIDYYKKL,17
ALWEVHHP,17
ALWEEQELGKKIKV,17
ALWEEELGKKIKV,17
ALWDRQELGKKIKV,17
ATWGQSYYKKL,16
ATWENYYKKL,16
ATWDTDFDYKKL,16
ATWDRPYKKL,16
ATWDREMDYKKL,16
ATWDKKKL,16
ATWDGRRKKL,16
ATWDGPEKL,16
ATWDGHHKKL,16
ATWDAEYYKKL,16
ATTTGWFKI,16
ATSAGKL,16
ATRVRFKI,16
ATAHYYKKL,16
ALYEKL,16
ALWEVTGYKKL,16
ALWEVQQELGKKIKV,16
ALWEVKELGKKIKV,16
ALWEVDYKKL,16
ALWEVAELGKKIKV,16
ALWERELGKKIKV,16
ALWEPGNKKL,16
ALWEPFAGYKKL,16
ALWEALIKL,16
ALWEAANYSNYYKKL,16
ALWDYALELGKKIKV,16
ALCITYSYKKL,16
ALCGS,16
ATWVSYTTGWFKI,15
ATWNLCPLKKL,15
ATWFNYYKKL,15
ATWEPPSFQKL,15
ATWDVGYYKKL,15
ATWDSVVKL,15
ATWDRYKKL,15
ATWDRRCYYKKL,15
ATWDRPGWFKI,15
ATWDRGL,15
ATWDLNYYKKL,15
ATWDKGENYYKKL,15
ATWDKCKKL,15
ATWDGRNYYKKL,15
ATWDGQYKKL,15
ATWDGPVLYYKKL,15
ATWDGPRSSDWIKT,15
ATWDGPQGKL,15
ATWDGPLITYTGWFKI,15
ATWDGPGSYKKL,15
ATWDGNLNYYKKL,15
ATWATGWFKI,15
ATRQGIKT,15
ATRDQKL,15
APSATGWFKI,15
APRPPKKL,15
APPGDKKL,15
ALWEVRGELGKKIKV,15
ALWEVHTGYYKKL,15
ALWEVHRGKL,15
ALWEIQELGKKIKV,15
ALWEEKKL,15
ALWEEGYKKL,15
ALWDLPEL,15
ATWVQKL,14
ATWGYSSDWIKT,14
ATWEVHYKKL,14
ATWEQCSKKL,14
ATWDVPDDWIKT,14
ATWDSGDYKKL,14
ATWDRPSYYKKL,14
ATWDRPGYYKKL,14
ATWDRPGKL,14
ATWDRLKKL,14
ATWDGRDTGWFKI,14
ATWDGPLWIKT,14
ATWDGPGKL,14
ATWDGPCKKL,14
ATWDFNYKKL,14
ATWDESYKKL,14
ATWDENYYKKL,14
ATWDDPNYYKKL,14
ATWDDDYYKKL,14
ALWSLHGKL,14
ALWEVTVLGKKIKV,14
ALWEVQIGYKKL,14
ALWEVQHYKKL,14
ALWEVPSIQSENYYKKL,14
ALWEVFYYKKL,14
ALWEVDEKL,14
ALWERYSYKKL,14
ALWEHSKKL,14
ALWEGINKKL,14
ALWEDQELGKKIKV,14
ALWEARPRYKKL,14
AKPMDYKKL,14
ATWTRNDWIKT,13
ATWSRMGKKL,13
ATWGDYKKL,13
ATWEGSDWIKT,13
ATWDTGYKKL,13
ATWDTGSDWIKT,13
ATWDSRKL,13
ATWDSLEKL,13
ATWDSHKKL,13
ATWDSFKKL,13
ATWDRRGWRKL,13
ATWDRPREL,13
ATWDRLRWEYYKKL,13
ATWDRHDYKKL,13
ATWDRGGRDYKKL,13
ATWDMYGKL,13
ATWDLKGYKKL,13
ATWDGRDSYYKKL,13
ATWDGPHLKKL,13
ATWDGPGSDWIKT,13
ATWDGLKKL,13
ATWDGHGIYYKKL,13
ATWDETGWFKI,13
ATWDAYRSDWIKT,13
ATWARGEKL,13
ATEPTNYKKL,13
ALWVYYKKL,13
ALWGLKL,13
ALWEVRQELGKKIKV,13
ALWEVLELGKKIKV,13
ALWEVHELGKKIKV,13
ALWEVENYYKKL,13
ALWETDKKL,13
ALWEPKAKKL,13
ALWDPDYYKKL,13
ALWDDRQELGKKIKV,13
ATYGEEL,12
ATWVLRTGWFKI,12
ATWTTGWFKI,12
ATWTSSDWIKT,12
ATWPTTYYKKL,12
ATWGNDGDYKKL,12
ATWEYLAMRKL,12
ATWELTL,12
ATWDVYKKL,12
ATWDSTGWFKI,12
ATWDRSSDWIKT,12
ATWDRSGGKKL,12
ATWDRRPTKL,12
ATWDRLGTGWFKI,12
ATWDRLDYYKKL,12
ATWDRHRDYYKKL,12
ATWDKSDWIKT,12
ATWDHQRKL,12
ATWDGPGGYKKL,12
ATWDGLLGDWIKT,12
ATWDGAKKL,12
ATWDGADYYKKL,12
ATWDEGKL,12
ATWDEGKKL,12
ATWDAHYYKKL,12
ATPEYSSDWIKT,12
ATLSSDWIKT,12
ATKKL,12
ATHTTGWFKI,12
ASPSKRL,12
APSNKKL,12
ALWNYYKKL,12
ALWEVVELGKKIKV,12
ALWEVQRYKKL,12
ALWEVQPQGKL,12
ALWEVIRYSSDWIKT,12
ALWEVGELGKKIKV,12
ALWEVEYKKL,12
ALWEPNYYKKL,12
ALWEPHRQKL,12
ALWEPDGVGLGKKIKV,12
ALWEFNTTGWFKI,12
ALWEENYYKKL,12
ALWEENKKL,12
ALWEAPYYKKL,12
ALWEAMKKL,12
ALWDGYYKKL,12
ALCSGWFKI,12
AFSRAYYKKL,12
ATWVNYKKL,11
ATWTMKKL,11
ATWPSGPNDYKKL,11
ATWMAYKKL,11
ATWKRGEL,11
ATWGHGKL,11
ATWGGQILRYYKKL,11
ATWGENWIKT,11
ATWEYSSDWIKT,11
ATWETQGL,11
ATWESSDWIKT,11
ATWDSYYKKL,11
ATWDSRKKL,11
ATWDSPFGGYKKL,11
ATWDRYYKKL,11
ATWDRQEEGR,11
ATWDRPSYKKL,11
ATWDRPSRYKKL,11
ATWDRLYYKKL,11
ATWDRLL,11
ATWDRHKKL,11
ATWDRGRYYKKL,11
ATWDRGIKT,11
ATWDRGDYYKKL,11
ATWDRDYKKL,11
ATWDLGYKKL,11
ATWDLEKL,11
ATWDKKAKKL,11
ATWDKDYKKL,11
ATWDGVYKKL,11
ATWDGSYYKKL,11
ATWDGRTDTTGWFKI,11
ATWDDKKL,11
ATWDAIHYKKL,11
ATWASGWFKI,11
ATWARYYKKL,11
ATWAQPARKL,11
ATWAKGHYKKL,11
ATWADSSDWIKT,11
ATTSYVAREL,11
ATTREKL,11
ATSLHYKKL,11
ATRKKL,11
ATLTYYKKL,11
ATLGWFKI,11
ASLGFTRRVDYKKL,11
ALWGYYKKL,11
ALWGDPYYKKL,11
ALWEYYYKKL,11
ALWEVRKKL,11
ALWEVPLYKKL,11
ALWEVPKQKL,11
ALWEVKYKKL,11
ALWEVHGYKKL,11
ALWENPYYKKL,11
ALWEGRAKL,11
ALWEARKKL,11
ALWEAFYKKL,11
ALWEADTTGWFKI,11
EL,10
AWKL,10
ATWTLAAYKKL,10
ATWPRGHYKKL,10
ATWGTKCKKL,10
ATWGPTGWFKI,10
ATWGGLRWEYYKKL,10
ATWESKKL,10
ATWDVGSDWIKT,10
ATWDTWIKT,10
ATWDTDLKL,10
ATWDSSSNKKL,10
ATWDSGYYKKL,10
ATWDSGTGWFKI,10
ATWDSGSYKKL,10
ATWDSGHYKKL,10
ATWDRWWYKKL,10
ATWDRPIGKL,10
ATWDRLSHLKL,10
ATWDRLRNYYKKL,10
ATWDRLDYKKL,10
ATWDRHIKKL,10
ATWDRGYKKL,10
ATWDMRVGFKI,10
ATWDLYYKKL,10
ATWDKRRTGWFKI,10
ATWDKRDWIKT,10
ATWDIGCGYKKL,10
ATWDHRGKL,10
ATWDGWGGWFKI,10
ATWDGV,10
ATWDGTNYYKKL,10
ATWDGRTTGDYKKL,10
ATWDGRAKL,10
ATWDGQSYKKL,10
ATWDGQNYYKKL,10
ATWDGPSVSWIKT,10
ATWDGPRRDWIKT,10
ATWDGPAPNYKKL,10
ATWDGLVTYSNYYKKL,10
ATWDGHEKL,10
ATWDGGGYTTGWFKI,10
ATWDGDKKL,10
ATWDGCYYKKL,10
ATWDAGWFKI,10
ATWDADYYKKL,10
ATQGWNYKKL,10
ALWGVELGKKIKV,10
ALWGLGKKIKV,10
ALWGDYKKL,10
ALWEVVEYKKL,10
ALWEVSQRQARKLMKL,10
ALWEVRELGKKIKV,10
ALWEVPELGKKIKV,10
ALWEVHIKL,10
ALWEVEEKL,10
ALWELPQNYYKKL,10
ALWELENKKL,10
ALWEGRYKKL,10
ALWEGEYYKKL,10
ALWEFELGKKIKV,10
ALWECSLGKKL,10
ALWEARRKYKKL,10
ALWEALPDYYKKL,10
ALWEAGPREKL,10
ALSRWFKI,10
ALSLRGYYYKKL,10
ALKFLEKL,10
ALCPCKKL,10
ATWVPEDYKKL,9
ATWVNYYKKL,9
ATWVKKL,9
ATWSTTGWFKI,9
ATWPRGRKKL,9
ATWKHKKL,9
ATWGHCSYKKL,9
ATWGGTGWFKI,9
ATWESNYYKKL,9
ATWERGDWIKT,9
ATWEPFYKKL,9
ATWEGHTIGYYKKL,9
ATWDVYYKKL,9
ATWDVPGMHYKKL,9
ATWDVGQTGWFKI,9
ATWDTPHRYKKL,9
ATWDSTYKKL,9
ATWDSSYKKL,9
ATWDSNKKL,9
ATWDSGGWIKT,9
ATWDSFIRKL,9
ATWDSATGWFKI,9
ATWDRVKKL,9
ATWDRRGGRYKKL,9
ATWDRRAVNYKKL,9
ATWDRQWYKKL,9
ATWDRQKKKKL,9
ATWDRQAYKKL,9
ATWDRPTGYKKL,9
ATWDRPGCSVGL,9
ATWDRNPRGKKL,9
ATWDRLKGEQNVKL,9
ATWDPYKKL,9
ATWDPPYKKL,9
ATWDLTTGWFKI,9
ATWDLSGWFKI,9
ATWDILRSDWIKT,9
ATWDGSTGWFKI,9
ATWDGSRYSSDWIKT,9
ATWDGRLL,9
ATWDGRGICDWIKT,9
ATWDGPRWYKKL,9
ATWDGPQYKKL,9
ATWDGPKRNKL,9
ATWDGPHRPWF,9
ATWDGPGGTGWFKI,9
ATWDGMKKL,9
ATWDGLVGGKL,9
ATWDGLPSDWIKT,9
ATWDGLNYKKL,9
ATWDGLIHKKL,9
ATWDGLHYKKL,9
ATWDGLGGWFKI,9
ATWDGLCWFKI,9
ATWDGHVIYKKL,9
ATWDGFTGWFKI,9
ATWDGEKL,9
ATWDAYSYKKL,9
ATWASEIYYKKL,9
ATWALPSSYYKKL,9
ATSWGKL,9
ATRKDEGLKL,9
ASQIGVKKL,9
ALWSPFKKL,9
ALWNLNYYKKL,9
ALWGPYKKL,9
ALWEVTLGKKIKV,9
ALWEVTIKL,9
ALWEVQCLGGYYKKL,9
ALWEVLLNYYKKL,9
ALWEVLGYYKKL,9
ALWEVIYKKL,9
ALWEVHIELGKKIKV,9
ALWEVHDYKKL,9
ALWEVGYYKKL,9
ALWEVGRGYKKL,9
ALWEVEQL,9
ALWEPPPKKL,9
ALWELPKKL,9
ALWEEQGKKL,9
ALWEAYYKKL,9
ALWEASPRGKKIKV,9
ALWEARYYKKL,9
ALWEAHTTGWFKI,9
ALWEAEELGKKIKV,9
ALWARTGLGKKIKV,9
ALAWEL,9
GSLNTTGWFKI,8
ATWTNLWGTGWFKI,8
ATWPLGYKKL,8
ATWLRPWDTGWFKI,8
ATWKNDKKL,8
ATWIHWIKT,8
ATWGSCKKL,8
ATWGHPTGWFKI,8
ATWGEGYKKL,8
ATWESSGKL,8
ATWESNKKL,8
ATWEGRYYKKL,8
ATWEEKKL,8
ATWDWNYYKKL,8
ATWDVKL,8
ATWDVGDWIKT,8
ATWDSVKKL,8
ATWDSRLGKKL,8
ATWDSQYKKL,8
ATWDSCDWIKT,8
ATWDRTYYKKL,8
ATWDRSDTYKKL,8
ATWDRPWYYKKL,8
ATWDRPSDWIKT,8
ATWDRPGDWIKT,8
ATWDRLQSSDWIKT,8
ATWDRGSDWIKT,8
ATWDRGRKKL,8
ATWDRGCFYYKKL,8
ATWDPYTTGWFKI,8
ATWDPRGYKKL,8
ATWDMASYKKL,8
ATWDKYKKL,8
ATWDKWDYYKKL,8
ATWDIDDYKKL,8
ATWDGWSDWIKT,8
ATWDGWNYYKKL,8
ATWDGTFKI,8
ATWDGSPYKKL,8
ATWDGSLRDWIKT,8
ATWDGRRNYKKL,8
ATWDGRQSYYKKL,8
ATWDGQRL,8
ATWDGPSSDWIKT,8
ATWDGPRRGDWIKT,8
ATWDGPRKKL,8
ATWDGPRGSDWIKT,8
ATWDGPNWIKT,8
ATWDGPMCYKKL,8
ATWDGPIYYKKL,8
ATWDGPHNYKKL,8
ATWDGPFDYKKL,8
ATWDGNSNYYKKL,8
ATWDGLKEKL,8
ATWDGIYYKKL,8
ATWDGIKKL,8
ATWDGHRWFKI,8
ATWDGHRDYKKL,8
ATWDGGSDWIKT,8
ATWDGGNYYKKL,8
ATWDGGDWIKT,8
ATWDGDVVKL,8
ATWDFTGWFKI,8
ATWDFGYKKL,8
ATWDEVDKKL,8
ATWDARAYKKL,8
ATWDAPNYYKKL,8
ATWAGSNYKKL,8
ATRNSSDWIKT,8
ATQGKKL,8
ATPSDTGWFKI,8
ATPDDKKL,8
ATLREYKKL,8
ATLIRAKL,8
ATGVYYKKL,8
ATGPGYKKL,8
ATCSNKKL,8
ATCRAYKKL,8
ATCKKL,8
ATCATTGWFKI,8
APADSKL,8
ANLGYYKKL,8
ALWVSEELGKKIKV,8
ALWVKKL,8
ALWGKKIKV,8
ALWEVRGLNYYKKL,8
ALWEVRDKKL,8
ALWEVQTRKKL,8
ALWEVPQYKKL,8
ALWEVPGKEKL,8
ALWEVIQL,8
ALWEVIQKL,8
ALWEVIELGKKIKV,8
ALWEVIAYKKL,8
ALWEVHRELGKKIKV,8
ALWEVAPYYKKL,8
ALWETSNYYKKL,8
ALWESYKKL,8
ALWESTARVELGKKIKV,8
ALWESFNDYKKL,8
ALWERTTGWFKI,8
ALWEPQHYKKL,8
ALWENFYYKKL,8
ALWELHVWIKT,8
ALWEGSDKKL,8
ALWEGPELGKKIKV,8
ALWEGIKKL,8
ALWEDSELGKKIKV,8
ALWEAWKKL,8
ALWEAELGKKIKV,8
ALWDRYYYKKL,8
ALWDLSRQELGKKIKV,8
ALCSRRKL,8
ALCDGYKKL,8
AAVKKL,8
RYSSDWIKT,7
ATWVSMGKKL,7
ATWVSDYYKKL,7
ATWSRTYGL,7
ATWNNYKKL,7
ATWLPAYKKL,7
ATWLNYYKKL,7
ATWIYYKKL,7
ATWGYTTGWFKI,7
ATWGTPSYYKKL,7
ATWGSLYKKL,7
ATWGRIPVVTGWFKI,7
ATWGRGYKKL,7
ATWFEYKKL,7
ATWEVTTGWFKI,7
ATWETTGWFKI,7
ATWEKNYYKKL,7
ATWEGTTGWFKI,7
ATWEAYYKKL,7
ATWDYPGWFKI,7
ATWDVAVNYYKKL,7
ATWDTEKKL,7
ATWDSRRGWIKT,7
ATWDSRHYYKKL,7
ATWDSNFTGWFKI,7
ATWDSASDWIKT,7
ATWDRYWKL,7
ATWDRRSKL,7
ATWDRRIYYKKL,7
ATWDRRGSDWIKT,7
ATWDRPWGHCYYKKL,7
ATWDRPENYYKKL,7
ATWDRPCWIKT,7
ATWDRPATGWFKI,7
ATWDRLPEKL,7
ATWDRLEYYKKL,7
ATWDRGWFKI,7
ATWDRGAYTGWFKI,7
ATWDQSDWIKT,7
ATWDQHWQKL,7
ATWDPVRKL,7
ATWDPKKL,7
ATWDPIWGNYYKKL,7
ATWDPFYSSDWIKT,7
ATWDNWIKT,7
ATWDMEKL,7
ATWDKGYKKL,7
ATWDIASDMYYKKL,7
ATWDHNYYKKL,7
ATWDGYPIGRPRYKKL,7
ATWDGTQTGTTGWFKI,7
ATWDGTNWIKT,7
ATWDGSIRYKKL,7
ATWDGRYYYKKL,7
ATWDGRVGKPLYYKKL,7
ATWDGRSDWIKT,7
ATWDGRRGGWFKI,7
ATWDGRGTTGWFKI,7
ATWDGQYGSDWIKT,7
ATWDGQVYKKL,7
ATWDGPVVSDWIKT,7
ATWDGPSRYYKKL,7
ATWDGPRGYYKKL,7
ATWDGPNYKKL,7
ATWDGPLYKKL,7
ATWDGPEKFKKL,7
ATWDGNWIKT,7
ATWDGLSYKKL,7
ATWDGKNYYKKL,7
ATWDGITGWFKI,7
ATWDGHADYKKL,7
ATWDGGGTTGWFKI,7
ATWDGDSNYYKKL,7
ATWDFPYYKKL,7
ATWDFPHPIYYKKL,7
ATWDEVSSYKKL,7
ATWDECYKKL,7
ATWDCTGWFKI,7
ATWDCSSDWIKT,7
ATWAPAAIYKKL,7
ATWAGSDWIKT,7
ATRGDYKKL,7
ATQRKSDWIKT,7
ATPYKKL,7
ATPHRTDKKL,7
ATGHYKKL,7
ATFRSDTKL,7
ATENYYKKL,7
ATCKHYKKL,7
ATCFRGDWIKT,7
ASTIKKL,7
APPNYYKKL,7
ALWYGQELGKKIKV,7
ALWVRSYYKKL,7
ALWQKSPYKKL,7
ALWGNYYKKL,7
ALWGLENYKKL,7
ALWEVWYKKL,7
ALWEVRWKL,7
ALWEVLRGREKL,7
ALWEVLDVKL,7
ALWEVKHYYKKL,7
ALWEVHLSYKKL,7
ALWEVGPELGKKIKV,7
ALWEVGKKL,7
ALWEVEGNYYKKL,7
ALWEVDV,7
ALWEVALGKKIKV,7
ALWETPQELGKKIKV,7
ALWESLAKLGKKIKV,7
ALWEQEEVHKKL,7
ALWEPWSSDWIKT,7
ALWEKELGKKIKV,7
ALWEIRELGKKIKV,7
ALWEINYYKKL,7
ALWEGTYYYKKL,7
ALWEGPPVRYKKL,7
ALWEGPNYYKKL,7
ALWEDRRNTEGL,7
ALWEDPYKKL,7
ALWEAQEELGKKIKV,7
ALWASDKKL,7
ALGYKKL,7
ALGTKKL,7
ALGCYYKKL,7
AIKQELGKKIKV,7
AFPITHYKKL,7
AATRLGYKKL,7
AARVGGKL,7
ATWWVKKL,6
ATWSSYYKKL,6
ATWRTSYTTGWFKI,6
ATWQQPRNYYKKL,6
ATWNGLRWEYYKKL,6
ATWGPSDLNSWIKT,6
ATWGIDYYKKL,6
ATWGGSGDWIKT,6
ATWEYYYKKL,6
ATWESWYKKL,6
ATWERRNYYKKL,6
ATWERPGSYKKL,6
ATWERNYYKKL,6
ATWERGRKKL,6
ATWEIKKL,6
ATWEGYKKL,6
ATWEFYKKL,6
ATWEDGKKL,6
ATWDVWFKI,6
ATWDVIRYKKL,6
ATWDTTTGWFKI,6
ATWDTRPKKL,6
ATWDTGNYYKKL,6
ATWDTCSDWIKT,6
ATWDSYLPNYYKKL,6
ATWDSRSYYKKL,6
ATWDSRSYKKL,6
ATWDSPLEL,6
ATWDSPDPTGWFKI,6
ATWDSNYYKKL,6
ATWDSDKKL,6
ATWDRWGATGWFKI,6
ATWDRRWGSSDWIKT,6
ATWDRRSYKKL,6
ATWDRRERGSDWIKT,6
ATWDRRDWIKT,6
ATWDRPRHLYKKL,6
ATWDRPRGGYKKL,6
ATWDRPGAYKKL,6
ATWDRPDDWIKT,6
ATWDRPARL,6
ATWDRNKKL,6
ATWDRLVRL,6
ATWDRLSDWIKT,6
ATWDRLLKRYKKL,6
ATWDRLLKL,6
ATWDRLHYKKL,6
ATWDRHGCGKKL,6
ATWDRGRTLGYKKL,6
ATWDRGGYYKKL,6
ATWDRGGSSDWIKT,6
ATWDRFGYKKL,6
ATWDRARRYKKL,6
ATWDRADKKL,6
ATWDQEEKL,6
ATWDPSPTGWFKI,6
ATWDPRLKKL,6
ATWDPLIEKL,6
ATWDNTTGWFKI,6
ATWDNSKKL,6
ATWDNHYKKL,6
ATWDLTGWFKI,6
ATWDLRFKI,6
ATWDLHRDYKKL,6
ATWDLGWIKT,6
ATWDKFRYKKL,6
ATWDISDWIKT,6
ATWDILYKKL,6
ATWDHPYSVNYYKKL,6
ATWDGYSSDWIKT,6
ATWDGTYTTGWFKI,6
ATWDGRSWIKT,6
ATWDGRSSDWIKT,6
ATWDGRRLSIPVGYYKKL,6
ATWDGRLKKL,6
ATWDGRKYKKL,6
ATWDGRGRKKL,6
ATWDGQCSDWIKT,6
ATWDGPYYYKKL,6
ATWDGPYIDWFKI,6
ATWDGPWNYYKKL,6
ATWDGPSYKKL,6
ATWDGPRDYKKL,6
ATWDGPNTRDKKL,6
ATWDGPLNRKKL,6
ATWDGPLIYKKL,6
ATWDGPLANKKL,6
ATWDGPKYYKKL,6
ATWDGPKGKKL,6
ATWDGPIRKNYYKKL,6
ATWDGPAGDYKKL,6
ATWDGPAFYKKL,6
ATWDGLRWEEYKKL,6
ATWDGLRREYYKKL,6
ATWDGLGTGWFKI,6
ATWDGIPSSDWIKT,6
ATWDGINWDYKKL,6
ATWDGIEAYFQKL,6
ATWDGHPHYSSDWIKT,6
ATWDGFPGWFKI,6
ATWDELPYKKL,6
ATWDEGYYKKL,6
ATWDAKEKKL,6
ATWDAGGDWIKT,6
ATWAYTTGWFKI,6
ATWASTDWIKT,6
ATWARPYYKKL,6
ATWAKAHVKL,6
ATQTASVRVKL,6
ATPDWIKT,6
ATLRWEDYKKL,6
ATGRGDWIKT,6
ATGICYKKL,6
ATEKKL,6
ATDTGWFKI,6
ASLGEKL,6
ALYRFRYKKL,6
ALWYELGKKIKV,6
ALWVTRIMGNKKL,6
ALWRYYKKL,6
ALWNVSYYKKL,6
ALWEYLLCL,6
ALWEVYYYKKL,6
ALWEVRVKKL,6
ALWEVRLKL,6
ALWEVREKL,6
ALWEVQVYKKL,6
ALWEVPTPWFKI,6
ALWEVPLIYYKKL,6
ALWEVLVKELGKKIKV,6
ALWEVLLDYKKL,6
ALWEVHTGWFKI,6
ALWEVHQKL,6
ALWEVGSSDWIKT,6
ALWEVEDYKKL,6
ALWETSVNKKL,6
ALWESTNYYKKL,6
ALWERNQELGKKIKV,6
ALWEPSQGKKL,6
ALWEIQRKIKV,6
ALWEGTYYKKL,6
ALWEGTPYYKKL,6
ALWEGQELGKKIKV,6
ALWEGPIKL,6
ALWEFYKKL,6
ALWEDYYKKL,6
ALWEDNYYKKL,6
ALWEDAYYKKL,6
ALWEATENYKKL,6
ALWEANYKKL,6
ALWDKQELGKKIKV,6
ALWDEGLGKKIKV,6
ALWAQKL,6
ALELGKKIKV,6
AGGSGYKKL,6
ATYGPSWFKI,5
ATWVPRYKKL,5
ATWVNTTGWFKI,5
ATWVGGWFKI,5
ATWTYTTGWFKI,5
ATWTQELGKKIKV,5
ATWTLGKL,5
ATWTFDYKKL,5
ATWPRWWKL,5
ATWPRGKKL,5
ATWPRGGYKKL,5
ATWLGDDWIKT,5
ATWLFYYKKL,5
ATWGSTGWFKI,5
ATWGSFTGWFKI,5
ATWGRGTGWFKI,5
ATWGNPPSYKKL,5
ATWETTDSDWIKT,5
ATWERVLYYKKL,5
ATWELARRYYKKL,5
ATWEKTTGWFKI,5
ATWEGNYYKKL,5
ATWEDYKKL,5
ATWDYTTGWFKI,5
ATWDWTTYYKKL,5
ATWDWPNYYKKL,5
ATWDVSNYYKKL,5
ATWDVSAPMSQINTTGWFKI,5
ATWDTYKKL,5
ATWDTSENYYKKL,5
ATWDTPSLV,5
ATWDTPPNWYKKL,5
ATWDTPNYYKKL,5
ATWDSWKL,5
ATWDSQELGKKIKV,5
ATWDSPSNYYKKL,5
ATWDSLYYKKL,5
ATWDSGKKL,5
ATWDSEYYKKL,5
ATWDRWSDWIKT,5
ATWDRVLDYKKL,5
ATWDRVKRTTGWFKI,5
ATWDRSYKKL,5
ATWDRRQKL,5
ATWDRRKNKPYKKL,5
ATWDRREKL,5
ATWDRQRARKKL,5
ATWDRQENYYKKL,5
ATWDRQDYKKL,5
ATWDRPPSEKL,5
ATWDRPPKDSKKL,5
ATWDRPNDKKL,5
ATWDRPFKI,5
ATWDRPDGYKKL,5
ATWDRMGSDWIKT,5
ATWDRLQELGKKIKV,5
ATWDRLLRTGWFKI,5
ATWDRLFKKL,5
ATWDRKKL,5
ATWDRIGYKKL,5
ATWDRGCYKKL,5
ATWDRESYTGWFKI,5
ATWDRCSDWIKT,5
ATWDPSYYKKL,5
ATWDPRL,5
ATWDPLRCKKL,5
ATWDNERKL,5
ATWDMNYYKKL,5
ATWDMGNNTSSDWIKT,5
ATWDLTYYKKL,5
ATWDLPRSTSSNYYKKL,5
ATWDKDYYKKL,5
ATWDITTGWFKI,5
ATWDISWEL,5
ATWDIRSSDWIKT,5
ATWDIPYYKKL,5
ATWDILRKL,5
ATWDIGSDWIKT,5
ATWDIGHKKL,5
ATWDGVSGDKKL,5
ATWDGVNDYKKL,5
ATWDGSGYYKKL,5
ATWDGRRVQYKKL,5
ATWDGRIKT,5
ATWDGRGWFKI,5
ATWDGRGSQSYYKKL,5
ATWDGRGSDWIKT,5
ATWDGRDKKL,5
ATWDGQGIDKKL,5
ATWDGQFRRYKKL,5
ATWDGPYKL,5
ATWDGPVYKKL,5
ATWDGPRWEYYKKL,5
ATWDGPPSDWIKT,5
ATWDGPLGLKKL,5
ATWDGPLEGYSSDWIKT,5
ATWDGPLEEKKL,5
ATWDGPHYYKKL,5
ATWDGPGPGWFKI,5
ATWDGPGEKL,5
ATWDGPGDYKKL,5
ATWDGPGANTTGWFKI,5
ATWDGPEETTGWFKI,5
ATWDGPDRSRPYSSDWIKT,5
ATWDGPDKKL,5
ATWDGPARYKKL,5
ATWDGNYKKL,5
ATWDGNFSSDWIKT,5
ATWDGLTPNYYKKL,5
ATWDGLSSDWIKT,5
ATWDGLQGTGWFKI,5
ATWDGLPPCAGWFKI,5
ATWDGLIGKL,5
ATWDGLGYYKKL,5
ATWDGLGARSDWIKT,5
ATWDGIQNYKKL,5
ATWDGHLKT,5
ATWDGHGGKL,5
ATWDGHDWIKT,5
ATWDGGVYSSDWIKT,5
ATWDGGNTPYKKL,5
ATWDGFVVGFRDWIKT,5
ATWDGECYYKKL,5
ATWDGAGKKL,5
ATWDERGYKKL,5
ATWDEQDWIKT,5
ATWDDRDKKL,5
ATWDASLKKL,5
ATWDAPPQYKKL,5
ATWASFYYKKL,5
ATWAPGGPNYYKKL,5
ATWANPTTGWFKI,5
ATWALRYTTGWFKI,5
ATWALEGKL,5
ATSLGSDWIKT,5
ATLATGWFKI,5
ATFLLSDWIKT,5
ATERNYYKKL,5
ATCVYYKKL,5
ATCKKKL,5
ASSSDWIKT,5
ARFRARIKT,5
AREGL,5
APWSDWIKT,5
ALYGRMSRKL,5
ALWVPELGKKIKV,5
ALWTAYYKKL,5
ALWKARYKKL,5
ALWHYYKKL,5
ALWGYDHCRFKI,5
ALWGVLPTKYGKL,5
ALWGPQQL,5
ALWGKYYKKL,5
ALWGITLKKL,5
ALWEVWDYYKKL,5
ALWEVVYYKKL,5
ALWEVVYKKL,5
ALWEVRYYKKL,5
ALWEVRPPYYKKL,5
ALWEVRKQELGKKIKV,5
ALWEVRCRYYKKL,5
ALWEVQRLYYKKL,5
ALWEVQNYYKKL,5
ALWEVQLGKKIKV,5
ALWEVQGEELGKKIKV,5
ALWEVNKKL,5
ALWEVMQELGKKIKV,5
ALWEVLPPKYGKL,5
ALWEVLFYYKKL,5
ALWEVHYYKKL,5
ALWEVHSELGKKIKV,5
ALWEVHPEYKKL,5
ALWEVGNDYYKKL,5
ALWESQELGKKIKV,5
ALWEPTGKL,5
ALWEPSYYKKL,5
ALWEPLPRYKKL,5
ALWENYYKKL,5
ALWENRELGKKIKV,5
ALWELFYYKKL,5
ALWEKQELGKKIKV,5
ALWEKNVGKL,5
ALWEKMRFKI,5
ALWEIMNYYKKL,5
ALWEGREVKL,5
ALWEGNTTGWFKI,5
ALWEGLELGKKIKV,5
ALWEFRNYYKKL,5
ALWEEAELGKKIKV,5
ALWECYKKL,5
ALWEANRDYYKKL,5
ALWEALGSNKKL,5
ALWEAGQELGKKIKV,5
ALWEAFYYKKL,5
ALWEADSTWIKRINYYKKL,5
ALWDTNRCDPL,5
ALWDSHYKKL,5
ALWDNRYKKL,5
ALWDLWENYKKL,5
ALWDDFWELGKKIKV,5
ALWAPELGKKIKV,5
ALWANYYYKKL,5
ALWAKGELGKKIKV,5
ALSWGYYKKL,5
ALGYYKKL,5
ALGPSNYYKKL,5
ALCPPHVRKL,5
ALCLPERVKKL,5
ATWVHYKKL,4
ATWTRGTTGWFKI,4
ATWSRYKKL,4
ATWPPYYKKL,4
ATWNESDWIKT,4
ATWLRRSSDWIKT,4
ATWLKDIYYKKL,4
ATWLGGKKL,4
ATWKVSNYYKKL,4
ATWIQGYKKL,4
ATWHYKKL,4
ATWGWFKI,4
ATWGTRSSDWIKT,4
ATWGRERNKKL,4
ATWGQRTGWFKI,4
ATWGLTVSEKL,4
ATWGLELGKKIKV,4
ATWGGVREWFKI,4
ATWGGSDWIKT,4
ATWGFFSSKKL,4
ATWGEKKL,4
ATWERVFSDWIKT,4
ATWERPYKKL,4
ATWERGWIKT,4
ATWEQLSDWIKT,4
ATWEPNRGGTTGWFKI,4
ATWELYPGWFKI,4
ATWELGKKIKV,4
ATWEIGDWIKT,4
ATWEGVNYYKKL,4
ATWDYQYYKKL,4
ATWDWYKKL,4
ATWDVRSDWIKT,4
ATWDVPKKKL,4
ATWDTDYKKL,4
ATWDSYRKKL,4
ATWDSRYYKKL,4
ATWDSQNYKKL,4
ATWDSPAYYKKL,4
ATWDSLSKKAYKKL,4
ATWDSL,4
ATWDSIL,4
ATWDSHTTGWFKI,4
ATWDSDYKKL,4
ATWDSCSDWIKT,4
ATWDRWYKKL,4
ATWDRVWSDWIKT,4
ATWDRVGGDWIKT,4
ATWDRRSNYYKKL,4
ATWDRRRYKKL,4
ATWDRRNGISDWIKT,4
ATWDRREYKKL,4
ATWDRREQKL,4
ATWDRQYKKL,4
ATWDRPVVGYKKL,4
ATWDRPSTGWFKI,4
ATWDRPRVVDYKKL,4
ATWDRPQYKKL,4
ATWDRPPKKL,4
ATWDRPGNYYKKL,4
ATWDRPEGYKKL,4
ATWDRPDYYKKL,4
ATWDRPCGTSYYKKL,4
ATWDRPALGLSTGWFKI,4
ATWDRPAKKL,4
ATWDRNSNYYKKL,4
ATWDRLYKKL,4
ATWDRLWKL,4
ATWDRLMVGSDWIKT,4
ATWDRLEKL,4
ATWDRGASL,4
ATWDRAGYYKKL,4
ATWDPVYYKKL,4
ATWDPTSGSSDWIKT,4
ATWDPENYYKKL,4
ATWDPAGWIKT,4
ATWDNSYYKKL,4
ATWDNSSDWIKT,4
ATWDNSPNYYKKL,4
ATWDNPPYGSDWIKT,4
ATWDMVYYKKL,4
ATWDMSNYYKKL,4
ATWDMLDYYKKL,4
ATWDLLTGWFKI,4
ATWDLHKKL,4
ATWDLGGWFKI,4
ATWDKYVYYKKL,4
ATWDKPKKL,4
ATWDKKRNDWIKT,4
ATWDKKDKKL,4
ATWDIWPWGKKL,4
ATWDISYYKKL,4
ATWDIRSDWIKT,4
ATWDIPERYYKKL,4
ATWDINQKL,4
ATWDGYYYKKL,4
ATWDGTNEEL,4
ATWDGSTNYYKKL,4
ATWDGSPNYYKKL,4
ATWDGRYEKL,4
ATWDGRWFKI,4
ATWDGRVYYKKL,4
ATWDGRRWFKI,4
ATWDGRNWFKI,4
ATWDGRLSNYYKKL,4
ATWDGRIYYKKL,4
ATWDGRGVELGKKIKV,4
ATWDGRGTGWFKI,4
ATWDGQYYYKKL,4
ATWDGQYYKKL,4
ATWDGQGGDYKKL,4
ATWDGQAIGTYYKKL,4
ATWDGPYSVKI,4
ATWDGPWKKL,4
ATWDGPPYKKL,4
ATWDGPNTGWFKI,4
ATWDGPNNKYYKKL,4
ATWDGPGPSKKL,4
ATWDGPGDWIKT,4
ATWDGPCLDYKKL,4
ATWDGPAVYKKL,4
ATWDGNDWIKT,4
ATWDGMRRYYKKL,4
ATWDGLSTTGWFKI,4
ATWDGLRWREWYKKL,4
ATWDGLRWEDDKKL,4
ATWDGLQKL,4
ATWDGLMNYYKKL,4
ATWDGLGCDWIKT,4
ATWDGLDSSDWIKT,4
ATWDGLCYKKL,4
ATWDGILGKL,4
ATWDGHPIGRTRYKKL,4
ATWDGGGDWIKT,4
ATWDGFSGWFKI,4
ATWDEIYYKKL,4
ATWDEGSDWIKT,4
ATWDEAGYKKL,4
ATWDDPKNTTGWFKI,4
ATWDCVYYKKL,4
ATWDCSYYKKL,4
ATWDCRGSDWIKT,4
ATWDAWVADKKL,4
ATWDARSSDWIKT,4
ATWDAPTQDKKL,4
ATWDAMNYYKKL,4
ATWDAIYYKKL,4
ATWDACIRVYYKKL,4
ATWARGRYKKL,4
ATWAPQAFYKKL,4
ATWAPPLGDWIKT,4
ATWAGNYYKKL,4
ATRCSDWIKT,4
ATNYYKKL,4
ATLNADYYKKL,4
ATLLYTTGWFKI,4
ATIYYKKL,4
ATHDWIKT,4
ATCYTGWFKI,4
ATCLQGSDWIKT,4
ASYTTGWFKI,4
AREWGKL,4
ALWTQELGKKIKV,4
ALWPAGRKKL,4
ALWIQELGKKIKV,4
ALWEVWIYYKKL,4
ALWEVWDTMGNYYKKL,4
ALWEVVLNYKKL,4
ALWEVTRSYYKKL,4
ALWEVSTTGWFKI,4
ALWEVSQELGKKIKV,4
ALWEVRTELGKKIKV,4
ALWEVRNYYKKL,4
ALWEVRKLGKKIKV,4
ALWEVRGIYYKKL,4
ALWEVREQLGKKIKV,4
ALWEVQIFDLQELGKKIKV,4
ALWEVQGLGKKIKV,4
ALWEVPVYYKKL,4
ALWEVPSELGKKIKV,4
ALWEVLSKKKL,4
ALWEVLPPNYYKKL,4
ALWEVLLIGELGKKIKV,4
ALWEVKPYYKKL,4
ALWEVKITGWFKI,4
ALWEVKCYKKL,4
ALWEVILIKKL,4
ALWEVIGTGWFKI,4
ALWEVHVYYKKL,4
ALWEVHQELGKKIKV,4
ALWEVGKLGKKIKV,4
ALWEVFEYKKL,4
ALWEVEVYYKKL,4
ALWEVEQELGKKIKV,4
ALWETRLNYYKKL,4
ALWESRDYYKKL,4
ALWESERL,4
ALWEQIPLYKKL,4
ALWEQEKL,4
ALWEPYYYKKL,4
ALWEPTLQELGKKIKV,4
ALWEPRREWFKI,4
ALWEPCYENYYKKL,4
ALWEPADYYKKL,4
ALWEGSCRKETKL,4
ALWEGRGYKKL,4
ALWEGAQKL,4
ALWEFQELGKKIKV,4
ALWEEKGYKKL,4
ALWEEKELGKKIKV,4
ALWEDSNYYKKL,4
ALWEDQNYYKKL,4
ALWEDDVELGKKIKV,4
ALWEATGYKKL,4
ALWEATGWFKI,4
ALWEARQSSDWIKT,4
ALWEACRYKKL,4
ALWDVTNYYKKL,4
ALWDTASDYYKKL,4
ALWDPPGLGKKIKV,4
ALWDLYYKKL,4
ALWDLQELGKKIKV,4
ALRPNSNYYKKL,4
ALPLLKGPSNYYKKL,4
ALLFGKSRWYCYKKL,4
ALCQRSSNGTGWFKI,4
AFRRWYKKL,4
AFRNDYKKL,4
AFLYKQELGKKIKV,4
RKL,3
ATYTTGWFKI,3
ATWYNYKKL,3
ATWVYTTGWFKI,3
ATWVTKKL,3
ATWVPGKKL,3
ATWVALSSDWIKT,3
ATWTYLNYYKKL,3
ATWTVYTTGWFKI,3
ATWTPTNTTGWFKI,3
ATWTLGKKL,3
ATWPLNYYKKL,3
ATWLWYKKL,3
ATWLDYYKKL,3
ATWKSTPPNYYKKL,3
ATWISDWIKT,3
ATWIPNYYKKL,3
ATWGTHYYKKL,3
ATWGSYYKKL,3
ATWGSSDWIKT,3
ATWGPNYYKKL,3
ATWGGQKKL,3
ATWGEKKKL,3
ATWFRGKKL,3
ATWESPRKKL,3
ATWERSTGWFKI,3
ATWEIRDYKKL,3
ATWEGQTDYKKL,3
ATWEGPFYYKKL,3
ATWEDTTGWFKI,3
ATWDWGSDWIKT,3
ATWDVPNYYKKL,3
ATWDVNYYKKL,3
ATWDVHYKKL,3
ATWDVHSSDWIKT,3
ATWDVGGWFKI,3
ATWDTYYKKL,3
ATWDTVRTTGWFKI,3
ATWDTRWKKL,3
ATWDTRNYYKKL,3
ATWDTPEKKL,3
ATWDTFYKKL,3
ATWDTFKKL,3
ATWDSYSSDWIKT,3
ATWDSYKEL,3
ATWDSVNDWIKT,3
ATWDSVGWFKI,3
ATWDSSSDWIKT,3
ATWDSPRRDWIKT,3
ATWDSPGYYKKL,3
ATWDSPDYYKKL,3
ATWDSHEDYYKKL,3
ATWDSGTRTTGWFKI,3
ATWDSGLYYKKL,3
ATWDSGAVLQKL,3
ATWDSDSSDWIKT,3
ATWDRYSSDWIKT,3
ATWDRWGSDWIKT,3
ATWDRTTAHKKL,3
ATWDRTPYYKKL,3
ATWDRTNYYKKL,3
ATWDRSPAIRHYYKKL,3
ATWDRSGWYKKL,3
ATWDRSEYGWFKI,3
ATWDRRVKV,3
ATWDRRVFYYKKL,3
ATWDRRL,3
ATWDRRKNYYKKL,3
ATWDRRGYYKKL,3
ATWDRRGGYSSDWIKT,3
ATWDRRDSSDWIKT,3
ATWDRQTYYKKL,3
ATWDRQSVRYKKL,3
ATWDRQGYYYKKL,3
ATWDRPRQLKKL,3
ATWDRPRKKL,3
ATWDRPRDWYKKL,3
ATWDRPPLYYKKL,3
ATWDRPPGYKKL,3
ATWDRPIYYKKL,3
ATWDRPGSDWIKT,3
ATWDRLSSYYKKL,3
ATWDRLSGLL,3
ATWDRLQKNYYKKL,3
ATWDRLLPYKKL,3
ATWDRLLEVTYKKL,3
ATWDRKYYKKL,3
ATWDRISSDWIKT,3
ATWDRHHYKKL,3
ATWDRGPESSDWIKT,3
ATWDRFGYSSDWIKT,3
ATWDRELGKKIKV,3
ATWDRDYYKKL,3
ATWDQSYRGDWIKT,3
ATWDQGKL,3
ATWDPRYYKKL,3
ATWDPRGYYKKL,3
ATWDPPPKKL,3
ATWDPAGWFKI,3
ATWDNTDYYKKL,3
ATWDNQYYKKL,3
ATWDNPWFGWFKI,3
ATWDNNYKKL,3
ATWDNLSNYYKKL,3
ATWDNIGKL,3
ATWDNDYKKL,3
ATWDMDKKL,3
ATWDLYPSDWIKT,3
ATWDLVDYYKKL,3
ATWDLSKKL,3
ATWDLGSDWIKT,3
ATWDLADIYYKKL,3
ATWDKSYKKL,3
ATWDKRVGYYKKL,3
ATWDKNPGYKKL,3
ATWDKEFGKKL,3
ATWDIYYKKL,3
ATWDITNYYKKL,3
ATWDISPKKL,3
ATWDIMRYKKL,3
ATWDILPFILAVYYKKL,3
ATWDIDYKKL,3
ATWDIDSDWIKT,3
ATWDHYYKKL,3
ATWDHMGNYYKKL,3
ATWDGTTYYKKL,3
ATWDGTNKKL,3
ATWDGTKKL,3
ATWDGTGWFKI,3
ATWDGSNYYKKL,3
ATWDGSAPKKL,3
ATWDGRTTGWFKI,3
ATWDGRPYYKKL,3
ATWDGRKKL,3
ATWDGREKL,3
ATWDGRCYKKL,3
ATWDGQSGLYYYKKL,3
ATWDGPWVLNYKKL,3
ATWDGPWKL,3
ATWDGPWGYYKKL,3
ATWDGPSRSDWIKT,3
ATWDGPSPYKKL,3
ATWDGPSGSDWIKT,3
ATWDGPSGDWIKT,3
ATWDGPSDYKKL,3
ATWDGPRSIGYYKKL,3
ATWDGPQGYYKKL,3
ATWDGPPAKKL,3
ATWDGPNTTGWFKI,3
ATWDGPLYYKKL,3
ATWDGPHKKL,3
ATWDGPGVGQKIKV,3
ATWDGPFTTGWFKI,3
ATWDGNVYYKKL,3
ATWDGLWEDKKL,3
ATWDGLTTGWFKI,3
ATWDGLRWEYHKKL,3
ATWDGLRWEHYKKL,3
ATWDGLPGGRKL,3
ATWDGLHWEYYKKL,3
ATWDGLGIKT,3
ATWDGLGEAGWFKI,3
ATWDGLEYYKKL,3
ATWDGLDWIKT,3
ATWDGL,3
ATWDGKYSSDWIKT,3
ATWDGKAQYYKKL,3
ATWDGHQYLLRLDYKKL,3
ATWDGHPSRHYYKKL,3
ATWDGERYKKL,3
ATWDGEEKL,3
ATWDGDWIKT,3
ATWDGDLRKL,3
ATWDGAYKKL,3
ATWDGALNYYKKL,3
ATWDESIHPGRKKL,3
ATWDERGYYKKL,3
ATWDEITDYKKL,3
ATWDEGGKKL,3
ATWDDRPAAGWFKI,3
ATWDDPPSSDWIKT,3
ATWDDDYKKL,3
ATWDAYYKKL,3
ATWDASVL,3
ATWDASSYKKL,3
ATWDARLGGTTGWFKI,3
ATWDAITGWFKI,3
ATWDAFYYKKL,3
ATWDACSDWIKT,3
ATWASYYKKL,3
ATWASENYKKL,3
ATWARGSDWIKT,3
ATWANSSDWIKT,3
ATWALTGWFKI,3
ATWALKGNYYKKL,3
ATSSYYKKL,3
ATSRPNYYKKL,3
ATQEDVYKKL,3
ATPTLNYKKL,3
ATPTGDWIKT,3
ATPSDYKKL,3
ATPISNYYKKL,3
ATLGYYKKL,3
ATCYKKL,3
ATCTPYKKL,3
ATCHPRYDKKL,3
ASGFKKL,3
ALYSKKL,3
ALWVLREELGKKIKV,3
ALWVKGLGKKIKV,3
ALWSVKKL,3
ALWLNYYKKL,3
ALWGVPIKL,3
ALWGTQELGKKIKV,3
ALWGENTTGWFKI,3
ALWGDRQELGKKIKV,3
ALWEWSSYYKKL,3
ALWEVSNYYKKL,3
ALWEVSAQELGKKIKV,3
ALWEVSAFKKL,3
ALWEVRVYYKKL,3
ALWEVRRELGKKIKV,3
ALWEVRPWELGKKIKV,3
ALWEVRKRF,3
ALWEVRHPAKKL,3
ALWEVQRNYYKKL,3
ALWEVQRFLGKKIKV,3
ALWEVQMLYYKKL,3
ALWEVQIGGDKKL,3
ALWEVPYYKKL,3
ALWEVPSVGKKIKV,3
ALWEVNEYARTSNYYKKL,3
ALWEVNCNYYKKL,3
ALWEVMYDRLNYYKKL,3
ALWEVLTENYYKKL,3
ALWEVLQELGKKIKV,3
ALWEVLPTKYGEL,3
ALWEVIKKL,3
ALWEVHFYKKL,3
ALWEVHEELGKKIKV,3
ALWEVGPQELGKKIKV,3
ALWEVESIYKKL,3
ALWEVDIELGKKIKV,3
ALWEVALQELGKKIKV,3
ALWETTASYYKKL,3
ALWETHPTYYKKL,3
ALWESQHYKKL,3
ALWESLDELGKKIKV,3
ALWERVKKL,3
ALWERLNYYKKL,3
ALWERGQELGKKIKV,3
ALWEQKGWKL,3
ALWEPAPSYKKL,3
ALWENQELGKKIKV,3
ALWELGYYKKL,3
ALWEKNKKL,3
ALWEISNYYKKL,3
ALWEIPLYYYKKL,3
ALWEGYYKKL,3
ALWEGNYYKKL,3
ALWEGLPRELGKKIKV,3
ALWEGKQELGKKIKV,3
ALWEFTELGKKIKV,3
ALWEERMNYYKKL,3
ALWEEGLGKKIKV,3
ALWEEAVYYKKL,3
ALWEDRQELGKKIKV,3
ALWEDPELGKKIKV,3
ALWECPFYYKKL,3
ALWEAVYKKL,3
ALWEAVQELGKKIKV,3
ALWEATLGSYYKKL,3
ALWEARYKKL,3
ALWEAPFLEKL,3
ALWEAGVTHRGGYKKL,3
ALWDWGYYKKL,3
ALWDPQELGKKIKV,3
ALWDLTYYKKL,3
ALWDKELGKKIKV,3
ALWDCASVYYKKL,3
ALWAPGELGKKIKV,3
ALWAGRGKKIKV,3
ALSGGKKIKV,3
ALGGS,3
ALFIRDYKKL,3
ALDRNYYKKL,3
ALCYKKL,3
AHTSDWIKT,3
AFYYYKKL,3
AFFANGKKL,3
AALKI,3
PLVTDYKKL,2
HSYYKKL,2
AWQELGKKIKV,2
ATWYTTGWFKI,2
ATWVYYKKL,2
ATWVSDDYKKL,2
ATWVPWGSDWIKT,2
ATWTDTTGWFKI,2
ATWSRTDGL,2
ATWRSDWIKT,2
ATWPSSDWIKT,2
ATWPRSYYKKL,2
ATWPPISSDWIKT,2
ATWPLGEKL,2
ATWPFTYYYKKL,2
ATWPDWIKT,2
ATWLIYYKKL,2
ATWKSNYYKKL,2
ATWKRRYKKL,2
ATWIKEL,2
ATWHIMEKL,2
ATWGTGWFKI,2
ATWGTDFYYKKL,2
ATWGSYKKL,2
ATWGPYYKKL,2
ATWGLYGSSDWIKT,2
ATWGGVVYKKL,2
ATWGGPMCYKKL,2
ATWGFTTGWFKI,2
ATWGDTGWFKI,2
ATWGAFFDYYKKL,2
ATWERVEGDYYKKL,2
ATWERPYYYKKL,2
ATWENQASSDWIKT,2
ATWEHKKL,2
ATWEGSLGWFKI,2
ATWEGLRWEYYKKL,2
ATWEGGKL,2
ATWEGFYYYKKL,2
ATWEFGKL,2
ATWEEADPHLSRRTTTGWFKI,2
ATWDYTGWFKI,2
ATWDYSSDWIKT,2
ATWDWYYYKKL,2
ATWDWVKI,2
ATWDWSNSSDWIKT,2
ATWDWRGYWSSDWIKT,2
ATWDVRKL,2
ATWDVKSGKL,2
ATWDVGAYYKKL,2
ATWDVEGTTGWFKI,2
ATWDVAHSKKL,2
ATWDTVSKKL,2
ATWDTTGYYYKKL,2
ATWDTRPYYKKL,2
ATWDTPANYYKKL,2
ATWDTKNYYKKL,2
ATWDTDVKL,2
ATWDTDSYYKKL,2
ATWDTATGWFKI,2
ATWDTASVYYKKL,2
ATWDTAGWFKI,2
ATWDSWRGCSDWIKT,2
ATWDSVSDWIKT,2
ATWDSTTGWFKI,2
ATWDSSTYYKKL,2
ATWDSSNYYKKL,2
ATWDSSFYKKL,2
ATWDSQDYKKL,2
ATWDSPPYYKKL,2
ATWDSPNYYKKL,2
ATWDSPDYKKL,2
ATWDSGWFKI,2
ATWDSANYYKKL,2
ATWDRWGPYSSDWIKT,2
ATWDRVYTTGWFKI,2
ATWDRVEEKPIHSSDWIKT,2
ATWDRTYYYKKL,2
ATWDRTYKKL,2
ATWDRTHYKKL,2
ATWDRSNYYKKL,2
ATWDRSGYKKL,2
ATWDRRYYYKKL,2
ATWDRRVNYKKL,2
ATWDRRSSDWIKT,2
ATWDRRNLNYYKKL,2
ATWDRRLDWIKT,2
ATWDRRHYKKL,2
ATWDRRHLGRAPGLEKL,2
ATWDRRHENYYKKL,2
ATWDRRGLGKKIKV,2
ATWDRRGKL,2
ATWDRRGIGTTGWFKI,2
ATWDRREGGSDWIKT,2
ATWDRRCDYKKL,2
ATWDRQTTGWFKI,2
ATWDRQFREKL,2
ATWDRQEGESSSDWIKT,2
ATWDRQDYYKKL,2
ATWDRPYDYKKL,2
ATWDRPWQKL,2
ATWDRPSRYYKKL,2
ATWDRPSGYKKL,2
ATWDRPRDKL,2
ATWDRPPTLDYYKKL,2
ATWDRPPAIRHDYKKL,2
ATWDRPNEKL,2
ATWDRPLRGWFKI,2
ATWDRPKYYKKL,2
ATWDRPIRYGCYYKKL,2
ATWDRPGSYEKL,2
ATWDRPFYKKL,2
ATWDRPEKL,2
ATWDRMRQEL,2
ATWDRLWTTGWFKI,2
ATWDRLRASIYYKKL,2
ATWDRLQFGYYKKL,2
ATWDRLNYYKKL,2
ATWDRLLSNYYKKL,2
ATWDRLGSDWIKT,2
ATWDRLGKKL,2
ATWDRLGITRKL,2
ATWDRLCLCYKKL,2
ATWDRKDGYYKKL,2
ATWDRIYYKKL,2
ATWDRIVYYKKL,2
ATWDRISNYYKKL,2
ATWDRHGYKKL,2
ATWDRGYYKKL,2
ATWDRGNYYKKL,2
ATWDRGISDWIKT,2
ATWDREVLWYKKL,2
ATWDRDSYYKKL,2
ATWDRAVYYKKL,2
ATWDRAGGLVCDWIKT,2
ATWDQDYYKKL,2
ATWDPRNYYKKL,2
ATWDPRNYKKL,2
ATWDPLSSKL,2
ATWDPILPPSGKKL,2
ATWDPGNYYKKL,2
ATWDPEEKL,2
ATWDPEARYTTGWFKI,2
ATWDNPNRYYKKL,2
ATWDNMYYYKKL,2
ATWDMTNQL,2
ATWDMSRL,2
ATWDMSGYYKKL,2
ATWDLSRP,2
ATWDLPGGKL,2
ATWDLGYYKKL,2
ATWDLGKL,2
ATWDKNAALNYYKKL,2
ATWDKGTGWFKI,2
ATWDIYKKL,2
ATWDISTTGWFKI,2
ATWDISNYYKKL,2
ATWDIRIGGTGWFKI,2
ATWDIPTTGWFKI,2
ATWDGVGYKKL,2
ATWDGTQNYYKKL,2
ATWDGTFISANSSDWIKT,2
ATWDGTDYKKL,2
ATWDGSFHYYKKL,2
ATWDGSFGWIKT,2
ATWDGRTEKL,2
ATWDGRTDYKKL,2
ATWDGRRYKKL,2
ATWDGRNSTGWFKI,2
ATWDGRGSSSDWIKT,2
ATWDGQISHWFKI,2
ATWDGQDVYKKL,2
ATWDGPVLDYKKL,2
ATWDGPTEYKKL,2
ATWDGPSNYYKKL,2
ATWDGPNPHTTGWFKI,2
ATWDGPNHKKL,2
ATWDGPLMKKL,2
ATWDGPLCKKL,2
ATWDGPHYKKL,2
ATWDGPERIKT,2
ATWDGPEGGWYSSDWIKT,2
ATWDGPEDCRPDYKKL,2
ATWDGPCEKL,2
ATWDGPAIYYKKL,2
ATWDGPAGWFKI,2
ATWDGNVTNYYKKL,2
ATWDGLYKKL,2
ATWDGLWKL,2
ATWDGLVVMI,2
ATWDGLSQRENYYKKL,2
ATWDGLRYYKKL,2
ATWDGLRWVYYKKL,2
ATWDGLRLEYYKKL,2
ATWDGLLNYYKKL,2
ATWDGLGRYKKL,2
ATWDGLDYYKKL,2
ATWDGKSNYYKKL,2
ATWDGIAKKL,2
ATWDGHNYKKL,2
ATWDGHHRDSDWIKT,2
ATWDGGLISRKL,2
ATWDGGIYYKKL,2
ATWDGGDGYYKKL,2
ATWDGEVHNYYKKL,2
ATWDGENYYKKL,2
ATWDGDQELGKKIKV,2
ATWDFLLSYKKL,2
ATWDFGRL,2
ATWDEVYYKKL,2
ATWDELGKKIKV,2
ATWDEGELGKKIKV,2
ATWDDRRYKKL,2
ATWDDQLNYYKKL,2
ATWDDHYYKKL,2
ATWDDAVENYYKKL,2
ATWDCRAPSHTTGWFKI,2
ATWDAPRYKKL,2
ATWDAPGNMNYKKL,2
ATWDANKKL,2
ATWDADYKKL,2
ATWDAAYYKKL,2
ATWATDVVTGWFKI,2
ATWASYKKL,2
ATWASGKL,2
ATWASEIDYKKL,2
ATWAQREDYKKL,2
ATWAPSAGKGSL,2
ATWAPRHWIKT,2
ATWAEPHEGGVGYKKL,2
ATSNYYKKL,2
ATRNYYKKL,2
ATPSTGWFKI,2
ATPRCTTGWFKI,2
ATNTTGWFKI,2
ATLRDWIKT,2
ATLIYYKKL,2
ATHNYYKKL,2
ATGSREKL,2
ATGQYYKKL,2
ATGPYYKKL,2
ATGIKKL,2
ATGELEVRI,2
ATFEKL,2
ATFAYYKKL,2
ATDYKKL,2
ATAHDYKKL,2
APNLNYYKKL,2
ALWYQELGKKIKV,2
ALWVREKL,2
ALWRTFSSDWIKT,2
ALWMMRELGKKIKV,2
ALWGVLKL,2
ALWGLRNYKKL,2
ALWGKELGKKIKV,2
ALWGINYYKKL,2
ALWGGLGKKIKV,2
ALWEWEEELGKKIKV,2
ALWEVWDDYKKL,2
ALWEVVLGKKIKV,2
ALWEVVKLGKKIKV,2
ALWEVRWFKI,2
ALWEVRLPRADYKKL,2
ALWEVRLELGKKIKV,2
ALWEVRGRGPSKL,2
ALWEVRFQGSGKKL,2
ALWEVRDDYKKL,2
ALWEVQSYYKKL,2
ALWEVQIGGYEKL,2
ALWEVQIGGSKKL,2
ALWEVQGELGKKIKV,2
ALWEVPTELGKKIKV,2
ALWEVPQELGKKIKV,2
ALWEVPIRL,2
ALWEVPDLYYKKL,2
ALWEVNELGKKIKV,2
ALWEVNDYKKL,2
ALWEVMNYYKKL,2
ALWEVLYYKKL,2
ALWEVLSYYKKL,2
ALWEVLPYSKKL,2
ALWEVKNYYKKL,2
ALWEVKGELGKKIKV,2
ALWEVKDKKL,2
ALWEVHWDYKKL,2
ALWEVHRFVYYKKL,2
ALWEVHGDYKKL,2
ALWEVGTFNYKKL,2
ALWEVGPNYYKKL,2
ALWEVGEKL,2
ALWEVFNYYKKL,2
ALWEVELFYKKL,2
ALWEVDKDYYKKL,2
ALWEVCYYKKL,2
ALWETYTHYYKKL,2
ALWETSELGKKIKV,2
ALWETHHYYKKL,2
ALWESRGLGKKIKV,2
ALWESFKYKKL,2
ALWESELGKKIKV,2
ALWESEELGKKIKV,2
ALWEPQGYYKKL,2
ALWEPPYYKKL,2
ALWEPPHKKL,2
ALWEPNDYKKL,2
ALWEPIAFLDKKL,2
ALWEPEYYYKKL,2
ALWEPENYYKKL,2
ALWEPELGKKIKV,2
ALWENVPYKKL,2
ALWEMIANQELGKKIKV,2
ALWEKGFYYKKL,2
ALWEGRQELGKKIKV,2
ALWEGPFYYKKL,2
ALWEGIPNVELGKKIKV,2
ALWEGGYRRSKL,2
ALWEGEDYKKL,2
ALWEENNYKKL,2
ALWEDYYYKKL,2
ALWEDYKKL,2
ALWEDYELGKKIKV,2
ALWEDDYYYKKL,2
ALWECREELGKKIKV,2
ALWECPFDYKKL,2
ALWEAWNYYKKL,2
ALWEASYYKKL,2
ALWEASNYYKKL,2
ALWEARQELGKKIKV,2
ALWEARL,2
ALWEARGYKKL,2
ALWEARELGKKIKV,2
ALWEAQKNYYKKL,2
ALWEAQIGGYKKL,2
ALWEAPTYYKKL,2
ALWEAPPNYYKKL,2
ALWEADQELGKKIKV,2
ALWDVLKL,2
ALWDSTGWFKI,2
ALWDRAELGKKIKV,2
ALWDGDYKKL,2
ALWASQELGKKIKV,2
ALSRWVKI,2
ALRKL,2
ALGEKL,2
ALFLETNYYKKL,2
ALDLDYYKKL,2
ALCTTGWFKI,2
AERLGKKIKV,2
AAYYYKKL,2
